-- Добавляем медицинские организации
INSERT INTO medical_organizations (id, name, region, type) VALUES
(1, 'Городская больница №1', 'Москва', 'Стационар'),
(2, 'Поликлиника №3', 'Москва', 'Поликлиника'),
(3, 'Медцентр "Здоровье"', 'Московская область', 'Частный центр'),
(4, 'Областная больница', 'Московская область', 'Стационар'),
(5, 'Детская поликлиника №5', 'Москва', 'Поликлиника');

-- Добавляем 10 пациентов
INSERT INTO patients (id, medical_organization_id, birth_date, gender, registration_date) VALUES
(1, 1, '1985-03-15', 'M', '2020-01-15'),
(2, 1, '1990-07-22', 'F', '2021-03-20'),
(3, 2, '1978-11-30', 'M', '2019-11-10'),
(4, 2, '1982-05-18', 'F', '2022-05-18'),
(5, 3, '1995-09-10', 'M', '2023-01-10'),
(6, 3, '1988-12-05', 'F', '2021-12-05'),
(7, 4, '1975-02-28', 'M', '2020-08-15'),
(8, 4, '1992-08-14', 'F', '2022-02-28'),
(9, 5, '1980-04-25', 'M', '2021-07-01'),
(10, 5, '1987-06-08', 'F', '2023-03-12');

-- Добавляем 15 визитов
INSERT INTO visits (id, patient_id, medical_organization_id, visit_date, visit_type, diagnosis_code, service_cost, doctor_speciality, created_at) VALUES
(1, 1, 1, '2024-01-05', 'Первичный', 'J06.9', 1500.00, 'Терапевт', '2024-01-05 09:00:00'),
(2, 2, 1, '2024-01-05', 'Повторный', 'K29.7', 2500.00, 'Хирург', '2024-01-05 10:30:00'),
(3, 3, 2, '2024-01-07', 'Первичный', 'I10', 1800.00, 'Кардиолог', '2024-01-07 11:15:00'),
(4, 4, 3, '2024-01-08', 'Первичный', 'G43.9', 2200.00, 'Невролог', '2024-01-08 14:20:00'),
(5, 5, 1, '2024-01-10', 'Повторный', 'J06.9', 1500.00, 'Терапевт', '2024-01-10 16:00:00'),
(6, 1, 2, '2024-01-12', 'Первичный', 'H52.1', 1900.00, 'Офтальмолог', '2024-01-12 09:45:00'),
(7, 6, 3, '2024-01-12', 'Первичный', 'L23', 1700.00, 'Дерматолог', '2024-01-12 11:30:00'),
(8, 7, 1, '2024-01-15', 'Повторный', 'K29.7', 2500.00, 'Хирург', '2024-01-15 13:15:00'),
(9, 2, 2, '2024-01-16', 'Первичный', 'J06.9', 1500.00, 'Терапевт', '2024-01-16 15:00:00'),
(10, 8, 3, '2024-01-18', 'Первичный', 'K21.9', 2100.00, 'Гастроэнтеролог', '2024-01-18 10:20:00'),
(11, 3, 1, '2024-01-20', 'Повторный', 'G43.9', 2200.00, 'Невролог', '2024-01-20 12:10:00'),
(12, 9, 2, '2024-01-22', 'Первичный', 'I10', 1800.00, 'Кардиолог', '2024-01-22 14:50:00'),
(13, 4, 3, '2024-01-25', 'Повторный', 'J06.9', 1500.00, 'Терапевт', '2024-01-25 16:30:00'),
(14, 10, 1, '2024-01-28', 'Первичный', 'H52.1', 1900.00, 'Офтальмолог', '2024-01-28 09:15:00'),
(15, 5, 2, '2024-01-30', 'Повторный', 'K29.7', 2500.00, 'Хирург', '2024-01-30 11:40:00');

-- Добавляем медицинские услуги для визитов
INSERT INTO services (id, visit_id, service_code, service_name, quantity, unit_price) VALUES
(1, 1, 'A01.01.001', 'Консультация терапевта', 1, 1500.00),
(2, 2, 'A01.02.001', 'Консультация хирурга', 1, 2000.00),
(3, 2, 'B03.001', 'Перевязка', 1, 500.00),
(4, 3, 'A01.03.001', 'Консультация кардиолога', 1, 1800.00),
(5, 4, 'A01.04.001', 'Консультация невролога', 1, 2200.00),
(6, 5, 'A01.01.001', 'Консультация терапевта', 1, 1500.00),
(7, 6, 'A01.05.001', 'Консультация офтальмолога', 1, 1900.00),
(8, 7, 'A01.06.001', 'Консультация дерматолога', 1, 1700.00),
(9, 8, 'A01.02.001', 'Консультация хирурга', 1, 2000.00),
(10, 8, 'B03.001', 'Перевязка', 1, 500.00),
(11, 9, 'A01.01.001', 'Консультация терапевта', 1, 1500.00),
(12, 10, 'A01.07.001', 'Консультация гастроэнтеролога', 1, 2100.00),
(13, 11, 'A01.04.001', 'Консультация невролога', 1, 2200.00),
(14, 12, 'A01.03.001', 'Консультация кардиолога', 1, 1800.00),
(15, 13, 'A01.01.001', 'Консультация терапевта', 1, 1500.00),
(16, 14, 'A01.05.001', 'Консультация офтальмолога', 1, 1900.00),
(17, 15, 'A01.02.001', 'Консультация хирурга', 1, 2000.00),
(18, 15, 'B03.001', 'Перевязка', 1, 500.00);
